                  epoch,         train/box_loss,         train/cls_loss,         train/dfl_loss,   metrics/precision(B),      metrics/recall(B),       metrics/mAP50(B),    metrics/mAP50-95(B),           val/box_loss,           val/cls_loss,           val/dfl_loss,                 lr/pg0,                 lr/pg1,                 lr/pg2
                      1,                 1.5926,                 3.8917,                 1.3884,                0.00333,                 0.9375,                0.38186,                0.20902,                 1.5334,                 3.9503,                 1.1631,                0.00026,                0.00026,                0.00026
                      2,                 1.5222,                 2.3268,                 1.2566,                0.00317,                0.89062,                0.30772,                0.14777,                 1.3991,                 3.9253,                 1.2137,             0.00053733,             0.00053733,             0.00053733
                      3,                 1.5508,                  2.108,                 1.2182,                  0.003,                0.84375,                0.20808,                0.08665,                  1.357,                 3.9226,                 1.2518,             0.00081188,             0.00081188,             0.00081188
                      4,                 1.5845,                 2.0423,                 1.2846,                0.00374,                 0.5625,                0.08851,                0.04105,                 1.4955,                 4.0636,                 1.3985,              0.0010837,              0.0010837,              0.0010837
                      5,                 1.5031,                 1.8395,                 1.2655,                 0.6519,                0.15625,                0.25394,                0.11554,                 1.6164,                   3.88,                 1.4908,              0.0013527,              0.0013527,              0.0013527
                      6,                 1.5413,                 1.8801,                 1.2729,                0.41936,                0.26562,                0.22271,                0.09665,                 1.7382,                  3.809,                 1.6143,              0.0016189,              0.0016189,              0.0016189
                      7,                 1.6296,                 1.8084,                 1.3281,                0.66383,                 0.3125,                0.33983,                0.19303,                 1.6898,                 3.1356,                 1.5089,              0.0018824,              0.0018824,              0.0018824
                      8,                 1.5405,                 1.6852,                 1.3208,                0.11736,                0.34375,                0.08171,                0.04391,                 1.5988,                 5.4429,                 1.6352,              0.0019307,              0.0019307,              0.0019307
                      9,                 1.5288,                 1.6806,                 1.3203,                0.57052,                 0.4375,                0.41316,                 0.2102,                 1.6955,                 2.8078,                 1.6199,              0.0019307,              0.0019307,              0.0019307
                     10,                 1.5857,                 1.6049,                 1.3042,                0.35401,                   0.25,                0.22312,                0.07853,                 1.8504,                 3.2323,                 1.6374,              0.0019208,              0.0019208,              0.0019208
                     11,                 1.5554,                 1.6212,                 1.3355,                0.79739,                0.54688,                0.60268,                0.32934,                 1.6448,                 1.9977,                 1.4539,              0.0019109,              0.0019109,              0.0019109
                     12,                 1.5527,                 1.5483,                 1.3098,                0.66223,                0.48438,                 0.5958,                0.26349,                 1.6766,                 1.8214,                 1.6518,               0.001901,               0.001901,               0.001901
                     13,                 1.5467,                 1.4364,                 1.2965,                0.67586,                0.65625,                0.65914,                0.35579,                 1.7052,                 1.6427,                 1.5217,              0.0018911,              0.0018911,              0.0018911
                     14,                 1.5464,                 1.3449,                  1.311,                0.64108,                0.64062,                0.55992,                 0.2949,                 1.6326,                 1.7539,                 1.5246,              0.0018812,              0.0018812,              0.0018812
                     15,                 1.5616,                 1.2841,                   1.32,                0.58346,                0.59375,                0.52187,                0.25352,                 1.5919,                 1.9736,                 1.4398,              0.0018713,              0.0018713,              0.0018713
                     16,                 1.5587,                 1.2765,                 1.3896,                0.64266,                0.67188,                0.65756,                 0.3694,                 1.6149,                 1.6561,                 1.4499,              0.0018614,              0.0018614,              0.0018614
                     17,                 1.5081,                 1.1934,                 1.3004,                0.65873,                0.57311,                0.65725,                0.36723,                 1.6108,                 1.7191,                 1.5023,              0.0018515,              0.0018515,              0.0018515
                     18,                 1.4924,                 1.2319,                 1.2757,                0.85104,                0.60938,                0.75545,                 0.4187,                 1.5193,                 1.7372,                 1.3684,              0.0018416,              0.0018416,              0.0018416
                     19,                 1.4531,                 1.1706,                 1.3239,                 0.7793,                0.70312,                0.75489,                0.36903,                   1.61,                 1.6639,                 1.3424,              0.0018317,              0.0018317,              0.0018317
                     20,                 1.4304,                 1.1854,                 1.2779,                 0.8261,                  0.625,                0.72236,                0.39067,                 1.5358,                 1.7109,                 1.3358,              0.0018218,              0.0018218,              0.0018218
                     21,                 1.5384,                 1.1745,                 1.2864,                0.69888,                0.72534,                0.73847,                0.39282,                 1.6548,                 1.3277,                 1.3491,              0.0018119,              0.0018119,              0.0018119
                     22,                  1.586,                 1.1458,                 1.3345,                0.87888,                0.57812,                0.69204,                0.31618,                  1.856,                 1.5076,                 1.4455,               0.001802,               0.001802,               0.001802
                     23,                 1.4535,                 1.0891,                 1.2471,                0.78268,                0.57812,                0.67243,                0.33745,                   1.69,                 1.6011,                  1.493,              0.0017921,              0.0017921,              0.0017921
                     24,                 1.4293,                 1.0779,                 1.2508,                0.56167,                0.67188,                 0.5599,                0.27052,                 1.6294,                 1.7011,                 1.4198,              0.0017822,              0.0017822,              0.0017822
                     25,                 1.4058,                 1.0609,                 1.2356,                 0.3031,                0.67188,                0.29985,                0.15508,                 1.6671,                 2.0733,                 1.4562,              0.0017723,              0.0017723,              0.0017723
                     26,                 1.4836,                 1.0758,                 1.2778,                0.61043,                   0.75,                0.60696,                0.28245,                 1.6013,                 1.3374,                 1.4531,              0.0017624,              0.0017624,              0.0017624
                     27,                 1.4016,                 1.0517,                 1.2301,                0.71405,                 0.6875,                 0.6886,                 0.3137,                 1.6438,                 1.2731,                 1.4123,              0.0017525,              0.0017525,              0.0017525
                     28,                 1.3764,                0.99814,                 1.2163,                0.72701,                   0.75,                0.77212,                 0.3965,                  1.592,                 1.2174,                 1.3912,              0.0017426,              0.0017426,              0.0017426
                     29,                 1.3253,                 1.0275,                 1.1974,                0.67679,                0.71875,                0.73722,                0.39215,                 1.5686,                 1.1923,                   1.36,              0.0017327,              0.0017327,              0.0017327
                     30,                 1.3382,                0.95764,                 1.2366,                0.81561,                  0.625,                0.72973,                0.40769,                  1.668,                 1.4386,                 1.3542,              0.0017228,              0.0017228,              0.0017228
                     31,                 1.3891,                0.98253,                 1.2197,                0.84402,                0.65625,                 0.8053,                0.45166,                 1.5665,                 1.2377,                 1.3411,              0.0017129,              0.0017129,              0.0017129
                     32,                 1.3208,                0.90678,                 1.1665,                 0.6451,                0.82368,                0.79695,                0.43545,                  1.623,                 1.1022,                  1.373,               0.001703,               0.001703,               0.001703
                     33,                 1.3885,                0.91417,                 1.2233,                0.76623,                0.76823,                0.84028,                0.42488,                 1.6964,                 1.1004,                 1.3911,              0.0016931,              0.0016931,              0.0016931
                     34,                 1.3751,                0.94101,                 1.2125,                0.85227,                0.72119,                0.77814,                 0.4045,                 1.6354,                 1.2132,                 1.3501,              0.0016832,              0.0016832,              0.0016832
                     35,                 1.3265,                0.91017,                 1.1923,                0.84157,                0.64062,                0.69946,                0.35772,                 1.6036,                 1.3005,                 1.3976,              0.0016733,              0.0016733,              0.0016733
                     36,                 1.2963,                0.93396,                 1.1786,                0.67732,                0.72159,                0.76862,                 0.4083,                 1.5675,                 1.0906,                 1.3919,              0.0016634,              0.0016634,              0.0016634
                     37,                 1.2944,                0.87042,                 1.1491,                0.75528,                0.60938,                0.72071,                0.37029,                 1.6645,                 1.1863,                 1.4276,              0.0016535,              0.0016535,              0.0016535
                     38,                 1.3488,                0.90893,                 1.1876,                0.63136,                0.70312,                0.73696,                 0.3416,                 1.7986,                 1.3187,                 1.5464,              0.0016436,              0.0016436,              0.0016436
                     39,                  1.329,                0.87046,                 1.2221,                0.68595,                 0.6875,                   0.74,                0.39615,                 1.6768,                  1.232,                 1.4838,              0.0016337,              0.0016337,              0.0016337
                     40,                 1.2872,                0.87002,                 1.1658,                0.63326,                0.71875,                 0.7297,                0.37769,                 1.6747,                 1.1867,                 1.4334,              0.0016238,              0.0016238,              0.0016238
                     41,                 1.2704,                0.85587,                 1.1667,                0.73739,                 0.6875,                0.76052,                0.42066,                 1.6495,                 1.1028,                 1.3878,              0.0016139,              0.0016139,              0.0016139
                     42,                 1.3881,                0.88766,                 1.2271,                0.73506,                0.76562,                0.76771,                0.39061,                 1.6675,                 1.1369,                  1.388,               0.001604,               0.001604,               0.001604
                     43,                 1.3004,                0.86484,                 1.1647,                 0.8119,                   0.75,                0.82275,                0.42641,                 1.5556,                 1.0861,                 1.3787,              0.0015941,              0.0015941,              0.0015941
                     44,                 1.2555,                0.83087,                 1.1315,                0.73863,                0.79688,                0.78812,                0.40364,                  1.627,                 1.0944,                 1.3898,              0.0015842,              0.0015842,              0.0015842
                     45,                 1.2155,                 0.7927,                 1.1028,                0.76853,                0.71875,                0.75381,                0.39263,                 1.5705,                 1.1091,                 1.4098,              0.0015743,              0.0015743,              0.0015743
                     46,                 1.2396,                0.79138,                 1.1282,                0.82118,                0.78937,                0.79831,                0.41969,                 1.6125,                 1.0906,                 1.4474,              0.0015644,              0.0015644,              0.0015644
                     47,                 1.2481,                0.79994,                 1.1651,                0.81593,                0.70312,                0.79346,                 0.4082,                 1.6636,                 1.1041,                 1.4191,              0.0015545,              0.0015545,              0.0015545
                     48,                 1.2301,                0.84518,                  1.136,                 0.7339,                0.77573,                0.78198,                0.42171,                 1.6098,                 1.1026,                 1.4069,              0.0015446,              0.0015446,              0.0015446
                     49,                 1.1781,                0.78352,                 1.1139,                0.75252,                 0.8125,                0.82233,                0.37188,                 1.7078,                 1.0356,                 1.4336,              0.0015347,              0.0015347,              0.0015347
                     50,                 1.2221,                0.76963,                 1.1342,                0.73231,                0.85938,                0.84999,                0.44909,                 1.5541,                0.94087,                 1.3653,              0.0015248,              0.0015248,              0.0015248
                     51,                 1.2182,                 0.7845,                  1.141,                0.79827,                0.82812,                0.82709,                0.40734,                 1.6446,                 1.0332,                 1.3973,              0.0015149,              0.0015149,              0.0015149
                     52,                 1.2299,                0.78652,                 1.1288,                0.83153,                0.73438,                0.78629,                0.38245,                 1.7253,                 1.0889,                 1.4389,               0.001505,               0.001505,               0.001505
                     53,                 1.2356,                 0.7405,                  1.166,                0.75517,                0.79688,                0.76975,                 0.3635,                  1.746,                 1.0706,                 1.4716,              0.0014951,              0.0014951,              0.0014951
                     54,                 1.2022,                0.73534,                 1.1638,                0.78084,                 0.6875,                0.76492,                0.33479,                 1.9201,                 1.1702,                 1.5994,              0.0014852,              0.0014852,              0.0014852
                     55,                 1.1688,                0.75138,                 1.1284,                0.76331,                0.65508,                0.72033,                0.34085,                  1.889,                 1.2881,                 1.5573,              0.0014753,              0.0014753,              0.0014753
                     56,                  1.153,                 0.7279,                 1.1221,                0.80139,                0.78125,                0.78149,                0.39673,                 1.7771,                 1.1382,                  1.417,              0.0014654,              0.0014654,              0.0014654
                     57,                 1.1644,                0.75924,                 1.1225,                0.90696,                0.76158,                0.83678,                0.45289,                 1.5965,                 1.0481,                 1.3513,              0.0014555,              0.0014555,              0.0014555
                     58,                 1.1866,                0.73774,                  1.118,                 0.7831,                   0.75,                0.79147,                0.41945,                 1.6609,                 1.0967,                 1.4435,              0.0014456,              0.0014456,              0.0014456
                     59,                 1.1667,                0.70978,                 1.1408,                0.81849,                   0.75,                0.76246,                0.39612,                  1.667,                 1.0991,                 1.4418,              0.0014357,              0.0014357,              0.0014357
                     60,                  1.161,                0.74354,                    1.1,                 0.8491,                0.73438,                0.79243,                0.42127,                 1.5734,                0.98939,                 1.3474,              0.0014258,              0.0014258,              0.0014258
                     61,                 1.1718,                0.72272,                 1.0922,                0.87764,                0.78455,                0.82845,                0.42056,                  1.635,                0.98885,                 1.4074,              0.0014159,              0.0014159,              0.0014159
                     62,                 1.1441,                0.72454,                 1.0901,                0.79273,                 0.6875,                 0.7751,                0.39505,                 1.5334,                  1.067,                 1.3762,               0.001406,               0.001406,               0.001406
                     63,                 1.0701,                0.69968,                 1.0774,                0.76531,                0.82812,                0.83184,                0.45912,                 1.4467,                0.97833,                 1.3171,              0.0013961,              0.0013961,              0.0013961
                     64,                 1.0722,                0.70551,                 1.0659,                0.81843,                 0.8125,                0.86288,                0.42565,                 1.5871,                 1.0519,                 1.2993,              0.0013862,              0.0013862,              0.0013862
                     65,                 1.0997,                 0.6697,                 1.0877,                0.74747,                0.79688,                0.81858,                0.43444,                 1.6125,                 1.0557,                 1.3491,              0.0013763,              0.0013763,              0.0013763
                     66,                 1.0838,                 0.6666,                  1.072,                0.81943,                0.70914,                0.79054,                0.43111,                 1.6058,                 1.0646,                 1.3868,              0.0013664,              0.0013664,              0.0013664
                     67,                 1.0174,                0.67149,                 1.0531,                0.80825,                0.70312,                 0.7742,                0.42555,                 1.6122,                 1.0439,                 1.4034,              0.0013565,              0.0013565,              0.0013565
                     68,                 1.1217,                 0.6717,                 1.0937,                 0.8171,                0.65625,                0.73565,                0.36526,                 1.8674,                 1.1741,                 1.5081,              0.0013466,              0.0013466,              0.0013466
                     69,                 1.0799,                0.66083,                 1.0454,                0.84774,                0.69602,                0.78442,                0.44232,                 1.5228,                 1.1845,                 1.3619,              0.0013367,              0.0013367,              0.0013367
                     70,                 1.0365,                0.66795,                 1.0472,                0.82549,                 0.6875,                 0.7813,                0.41293,                 1.6266,                 1.2281,                 1.3993,              0.0013268,              0.0013268,              0.0013268
                     71,                 1.0331,                0.66893,                 1.0595,                0.84647,                   0.75,                0.81088,                0.44964,                 1.6016,                  1.007,                 1.3915,              0.0013169,              0.0013169,              0.0013169
                     72,                 1.0041,                0.70415,                 1.0709,                0.87298,                0.75172,                0.82575,                0.43056,                 1.5845,                 1.0194,                 1.3757,               0.001307,               0.001307,               0.001307
                     73,                 1.0641,                0.72023,                 1.0737,                0.83028,                0.79688,                0.81057,                0.42058,                 1.5437,                 1.0458,                 1.3533,              0.0012971,              0.0012971,              0.0012971
                     74,                 1.0539,                0.67704,                 1.0738,                0.83217,                0.77482,                0.82731,                0.42992,                 1.5713,                 1.2863,                 1.3907,              0.0012872,              0.0012872,              0.0012872
                     75,                0.98033,                0.62154,                 1.0108,                0.75931,                 0.8125,                0.82094,                0.42952,                 1.6146,                 1.0455,                 1.3855,              0.0012773,              0.0012773,              0.0012773
                     76,                 1.1558,                0.67529,                 1.1821,                0.75113,                0.76562,                 0.7858,                0.44734,                 1.6039,                0.99631,                 1.3849,              0.0012674,              0.0012674,              0.0012674
                     77,                 1.0782,                0.71867,                 1.0825,                0.77539,                0.80916,                0.78973,                0.41471,                 1.5914,                 1.0503,                 1.3676,              0.0012575,              0.0012575,              0.0012575
                     78,                 1.0011,                 0.6293,                 1.0333,                 0.8071,                0.76562,                0.76117,                0.38811,                 1.7552,                 1.0699,                 1.4446,              0.0012476,              0.0012476,              0.0012476
                     79,                 1.0142,                0.63317,                 1.0247,                0.79872,                   0.75,                0.75882,                0.44863,                 1.6277,                0.97126,                 1.3979,              0.0012377,              0.0012377,              0.0012377
                     80,                 1.0465,                0.63738,                 1.0647,                0.82445,                0.82812,                0.83857,                0.44799,                 1.5527,                0.93544,                  1.336,              0.0012278,              0.0012278,              0.0012278
                     81,                 1.0426,                0.63509,                 1.0529,                0.80274,                0.71875,                0.73646,                0.40401,                  1.638,                   1.01,                 1.3485,              0.0012179,              0.0012179,              0.0012179
                     82,                 1.0164,                0.63958,                 1.0452,                0.80465,                0.70803,                0.75611,                 0.4254,                 1.5955,                 1.0157,                 1.3403,               0.001208,               0.001208,               0.001208
                     83,                0.95593,                0.60188,                 1.0139,                0.85364,                0.82026,                0.84382,                0.45459,                 1.5812,                0.91829,                 1.3296,              0.0011981,              0.0011981,              0.0011981
                     84,                  1.074,                0.65149,                  1.049,                0.81453,                0.78125,                0.79208,                0.43695,                 1.5986,                  1.024,                 1.3431,              0.0011882,              0.0011882,              0.0011882
                     85,                 1.0073,                0.64907,                 1.0324,                0.84389,                0.79688,                0.83824,                 0.4471,                 1.5286,                 0.9271,                 1.3237,              0.0011783,              0.0011783,              0.0011783
                     86,                0.94578,                0.65248,                 1.0118,                0.84746,                0.78127,                0.84725,                0.44035,                 1.5566,                0.94182,                 1.3419,              0.0011684,              0.0011684,              0.0011684
                     87,                0.99519,                 0.5905,                 1.0472,                0.82174,                0.78125,                0.83503,                0.42264,                 1.6166,                0.93467,                 1.4028,              0.0011585,              0.0011585,              0.0011585
                     88,                 1.0471,                0.65264,                 1.0474,                0.80719,                0.71958,                0.78656,                0.40182,                 1.6557,                0.95025,                 1.4315,              0.0011486,              0.0011486,              0.0011486
                     89,                0.99784,                 0.6052,                 1.0383,                0.79485,                0.78125,                0.78509,                0.39386,                 1.6316,                0.97236,                 1.4317,              0.0011387,              0.0011387,              0.0011387
                     90,                0.98534,                0.60273,                  1.019,                0.80167,                0.82113,                0.80014,                0.40774,                  1.526,                  1.025,                 1.3585,              0.0011288,              0.0011288,              0.0011288
                     91,                0.93323,                0.58139,                 1.0139,                 0.7816,                0.78125,                0.81257,                0.41479,                 1.6428,                 1.1027,                 1.4362,              0.0011189,              0.0011189,              0.0011189
                     92,                0.97232,                0.60165,                 1.0238,                0.73156,                 0.8125,                0.76374,                 0.3715,                 1.6509,                 1.1182,                 1.3907,               0.001109,               0.001109,               0.001109
                     93,                0.97816,                0.59325,                  1.009,                  0.808,                0.84375,                 0.7851,                0.40087,                 1.5527,                0.96448,                 1.3304,              0.0010991,              0.0010991,              0.0010991
                     94,                0.98271,                0.60261,                 1.0193,                0.79096,                0.78125,                0.78355,                0.43249,                 1.5945,                0.94748,                 1.3337,              0.0010892,              0.0010892,              0.0010892
                     95,                0.92073,                0.59034,                 1.0174,                0.83438,                0.70851,                0.79201,                0.44006,                 1.6424,                 0.9715,                 1.3799,              0.0010793,              0.0010793,              0.0010793
                     96,                0.91148,                0.60092,                 1.0389,                 0.7528,                 0.8125,                0.80161,                0.43576,                 1.6241,                 1.0768,                 1.3881,              0.0010694,              0.0010694,              0.0010694
                     97,                0.90294,                0.59488,                 0.9805,                0.79946,                   0.75,                0.79442,                0.40521,                 1.6481,                0.99274,                 1.4162,              0.0010595,              0.0010595,              0.0010595
                     98,                0.89628,                0.56566,                 0.9945,                0.86687,                0.71227,                0.83057,                0.42116,                 1.6537,                0.92843,                 1.4128,              0.0010496,              0.0010496,              0.0010496
                     99,                0.90212,                0.55951,                0.98423,                 0.8384,                0.72965,                0.81559,                0.43074,                 1.6932,                0.96767,                 1.4168,              0.0010397,              0.0010397,              0.0010397
                    100,                0.91125,                0.56783,                 1.0001,                0.77158,                0.76562,                0.78335,                0.41189,                 1.6524,                0.99029,                 1.4018,              0.0010298,              0.0010298,              0.0010298
                    101,                0.88682,                0.56665,                0.98433,                0.81058,                0.82812,                0.82029,                0.42303,                 1.6482,                0.95074,                 1.4147,              0.0010199,              0.0010199,              0.0010199
                    102,                0.91674,                0.55278,                0.98584,                0.82122,                 0.8125,                0.83271,                0.44748,                 1.5911,                0.88969,                 1.4066,                0.00101,                0.00101,                0.00101
                    103,                 0.9163,                0.56771,                 1.0059,                0.84158,                 0.8125,                0.87655,                0.46053,                 1.5837,                0.88494,                 1.3891,              0.0010001,              0.0010001,              0.0010001
                    104,                0.88807,                0.54542,                 0.9919,                0.77531,                 0.8125,                0.82889,                0.43469,                   1.63,                0.90584,                 1.4239,              0.0009902,              0.0009902,              0.0009902
                    105,                 0.9083,                0.56171,                0.98222,                0.77594,                 0.8117,                0.82275,                0.41408,                 1.6806,                0.90469,                 1.4476,              0.0009803,              0.0009803,              0.0009803
                    106,                0.82392,                 0.5407,                0.96848,                0.77981,                0.79688,                0.80156,                0.40705,                 1.6469,                0.90471,                 1.4243,              0.0009704,              0.0009704,              0.0009704
                    107,                0.88073,                0.56795,                0.98133,                0.79661,                0.78125,                0.80025,                0.40276,                 1.6337,                 0.9756,                 1.4029,              0.0009605,              0.0009605,              0.0009605
                    108,                0.86577,                 0.5392,                 0.9596,                0.81581,                0.85938,                0.84272,                0.42424,                 1.6047,                0.92193,                 1.4444,              0.0009506,              0.0009506,              0.0009506
                    109,                0.91341,                0.60235,                0.98538,                0.79204,                 0.8125,                0.83562,                0.41576,                 1.6071,                0.91641,                 1.4685,              0.0009407,              0.0009407,              0.0009407
                    110,                 0.8383,                0.52451,                0.96252,                0.82009,                0.79688,                 0.7872,                0.39931,                 1.6456,                0.95833,                 1.4563,              0.0009308,              0.0009308,              0.0009308
                    111,                0.83174,                0.52293,                0.95759,                0.82272,                  0.875,                0.81862,                0.42856,                 1.6371,                0.97643,                 1.4627,              0.0009209,              0.0009209,              0.0009209
                    112,                0.81479,                0.51969,                0.96154,                0.82178,                 0.8646,                 0.8353,                0.44212,                 1.5725,                0.97225,                 1.4452,               0.000911,               0.000911,               0.000911
                    113,                0.86346,                0.53863,                0.98028,                0.76617,                0.82812,                  0.766,                0.42069,                 1.5933,                0.94182,                 1.4435,              0.0009011,              0.0009011,              0.0009011
                    114,                0.82123,                0.51648,                0.98393,                0.87073,                0.73676,                0.80992,                0.43245,                  1.602,                0.96017,                 1.4592,              0.0008912,              0.0008912,              0.0008912
                    115,                0.87996,                0.51974,                 0.9906,                0.79764,                0.82812,                0.81628,                0.43728,                 1.6094,                0.95334,                 1.4362,              0.0008813,              0.0008813,              0.0008813
                    116,                0.82171,                0.52348,                0.93619,                0.79833,                0.76562,                0.79077,                0.41717,                 1.6396,                0.98153,                 1.4451,              0.0008714,              0.0008714,              0.0008714
                    117,                0.78299,                0.49535,                0.94558,                0.81423,                0.82188,                0.81122,                0.44303,                 1.5736,                0.88889,                 1.4126,              0.0008615,              0.0008615,              0.0008615
                    118,                0.79632,                 0.4946,                0.93386,                0.83341,                0.78167,                0.80724,                0.45722,                 1.5706,                0.89378,                 1.4245,              0.0008516,              0.0008516,              0.0008516
                    119,                0.78887,                0.50228,                0.95153,                0.81298,                0.78125,                0.79146,                 0.4172,                 1.6549,                 0.9536,                  1.427,              0.0008417,              0.0008417,              0.0008417
                    120,                0.80662,                0.52882,                0.95434,                0.79015,                0.82812,                0.77845,                0.42046,                 1.6617,                 1.0091,                 1.4166,              0.0008318,              0.0008318,              0.0008318
                    121,                0.85284,                0.51536,                0.96522,                0.77996,                0.84375,                 0.8077,                0.44793,                 1.6102,                0.97381,                 1.3789,              0.0008219,              0.0008219,              0.0008219
                    122,                0.77371,                 0.4901,                0.94593,                0.85095,                0.82812,                0.83328,                 0.4438,                 1.6013,                0.92798,                 1.4232,               0.000812,               0.000812,               0.000812
                    123,                0.77199,                0.47807,                0.92679,                0.86878,                0.82758,                0.83213,                0.43631,                 1.5744,                0.89376,                 1.4143,              0.0008021,              0.0008021,              0.0008021
                    124,                0.85353,                0.49802,                0.96499,                0.85705,                0.84312,                0.84067,                0.43422,                 1.5745,                0.92833,                 1.4094,              0.0007922,              0.0007922,              0.0007922
                    125,                0.86737,                0.51624,                0.96688,                0.85281,                0.82812,                0.84834,                0.44099,                 1.5922,                0.96019,                 1.4073,              0.0007823,              0.0007823,              0.0007823
                    126,                 0.8166,                0.49596,                0.96772,                0.85363,                   0.75,                0.77136,                0.41041,                 1.6098,                  1.005,                 1.3881,              0.0007724,              0.0007724,              0.0007724
                    127,                0.79463,                 0.5145,                0.94446,                0.83161,                0.73438,                0.75136,                0.39691,                 1.6638,                 1.0731,                 1.4466,              0.0007625,              0.0007625,              0.0007625
                    128,                 0.7815,                0.49599,                0.95919,                0.83655,                0.71875,                0.76949,                0.40553,                 1.6594,                 1.0551,                 1.4871,              0.0007526,              0.0007526,              0.0007526
                    129,                0.81898,                 0.4917,                0.94163,                0.92968,                0.70312,                0.77978,                0.43287,                 1.6167,                  1.063,                 1.4721,              0.0007427,              0.0007427,              0.0007427
                    130,                0.80024,                0.49484,                  0.932,                0.89216,                0.73438,                0.80539,                0.42863,                 1.6044,                 1.0312,                 1.4573,              0.0007328,              0.0007328,              0.0007328
                    131,                0.75984,                0.49461,                0.92701,                0.87179,                0.85005,                0.84301,                0.43535,                 1.5846,                 1.0099,                 1.4442,              0.0007229,              0.0007229,              0.0007229
                    132,                0.77357,                0.49112,                0.95738,                0.85696,                0.84252,                 0.8265,                 0.4356,                 1.6009,                0.98258,                 1.4413,               0.000713,               0.000713,               0.000713
                    133,                0.79013,                0.48233,                0.94796,                0.83843,                0.84375,                 0.8269,                0.43711,                 1.6448,                0.99448,                  1.455,              0.0007031,              0.0007031,              0.0007031
                    134,                0.78331,                0.46888,                0.92457,                0.83588,                0.79579,                0.78172,                0.41849,                 1.6552,                0.98608,                 1.4636,              0.0006932,              0.0006932,              0.0006932
                    135,                 0.7228,                0.47152,                0.93889,                0.84015,                0.84375,                0.82295,                0.41718,                  1.602,                0.97789,                 1.4292,              0.0006833,              0.0006833,              0.0006833
                    136,                 0.7644,                0.49041,                0.96156,                0.85189,                0.80887,                0.82011,                0.43979,                 1.5711,                0.92814,                 1.4082,              0.0006734,              0.0006734,              0.0006734
                    137,                0.73986,                 0.4668,                0.92419,                 0.8549,                0.84375,                 0.8423,                0.44839,                 1.5495,                0.87533,                 1.4015,              0.0006635,              0.0006635,              0.0006635
                    138,                0.74223,                0.47341,                0.94278,                 0.8863,                0.85938,                0.85927,                0.47258,                 1.5431,                0.86847,                 1.3939,              0.0006536,              0.0006536,              0.0006536
                    139,                0.77257,                0.46263,                0.92523,                0.83366,                0.82812,                0.81172,                0.46336,                   1.55,                0.87452,                 1.4017,              0.0006437,              0.0006437,              0.0006437
                    140,                0.71706,                0.45572,                0.92842,                0.84319,                0.84023,                0.83547,                0.41805,                 1.6515,                0.91996,                  1.452,              0.0006338,              0.0006338,              0.0006338
                    141,                 0.7616,                0.47214,                0.91296,                0.86115,                0.82812,                0.85509,                0.42306,                 1.6246,                0.93885,                 1.4346,              0.0006239,              0.0006239,              0.0006239
                    142,                0.74358,                0.49233,                0.92419,                0.82965,                0.83711,                0.83055,                 0.4196,                  1.626,                0.98731,                 1.4213,               0.000614,               0.000614,               0.000614
                    143,                0.72462,                0.46236,                0.93278,                0.90216,                 0.8125,                 0.8592,                0.42738,                  1.639,                0.97287,                 1.4146,              0.0006041,              0.0006041,              0.0006041
                    144,                0.76013,                0.46446,                0.92762,                0.89966,                 0.8125,                0.85066,                0.44613,                  1.617,                 1.0207,                  1.416,              0.0005942,              0.0005942,              0.0005942
                    145,                0.72747,                0.45389,                0.91878,                0.89835,                0.78125,                0.82523,                0.45452,                 1.6058,                0.97128,                 1.4436,              0.0005843,              0.0005843,              0.0005843
                    146,                0.66783,                0.43466,                0.91913,                0.87497,                0.76562,                0.82076,                0.45464,                 1.6039,                 0.9909,                 1.4773,              0.0005744,              0.0005744,              0.0005744
                    147,                0.68578,                0.42858,                0.90017,                0.87154,                0.76562,                 0.8142,                0.44194,                  1.596,                 1.0029,                  1.462,              0.0005645,              0.0005645,              0.0005645
                    148,                0.68965,                0.45095,                0.92866,                0.86082,                0.78125,                0.80868,                0.44554,                 1.5935,                0.97836,                 1.4668,              0.0005546,              0.0005546,              0.0005546
                    149,                 0.6531,                0.42896,                0.88651,                0.80587,                0.84324,                0.82102,                0.43051,                 1.5728,                0.96064,                 1.4543,              0.0005447,              0.0005447,              0.0005447
                    150,                0.65493,                0.43964,                0.90594,                 0.8089,                0.79688,                0.80173,                0.44044,                 1.5782,                0.97155,                 1.4655,              0.0005348,              0.0005348,              0.0005348
                    151,                0.68221,                0.44157,                0.90955,                0.87864,                0.79195,                0.82091,                0.45233,                 1.5747,                0.96004,                 1.4597,              0.0005249,              0.0005249,              0.0005249
                    152,                0.69246,                0.43424,                0.93332,                0.86412,                0.79496,                0.81651,                0.42894,                 1.5692,                  0.962,                 1.4226,               0.000515,               0.000515,               0.000515
                    153,                0.65671,                0.41462,                0.88912,                0.87613,                0.76562,                0.79547,                 0.4244,                 1.6087,                0.98279,                 1.4416,              0.0005051,              0.0005051,              0.0005051
                    154,                0.72099,                0.45871,                0.92316,                0.87047,                   0.75,                0.81117,                0.42946,                 1.6197,                0.97608,                 1.4636,              0.0004952,              0.0004952,              0.0004952
                    155,                0.68377,                0.43607,                0.90087,                0.88717,                0.76562,                 0.8386,                0.42638,                 1.5804,                0.92712,                 1.4562,              0.0004853,              0.0004853,              0.0004853
                    156,                0.64325,                0.41092,                 0.8989,                0.86299,                   0.75,                 0.8041,                0.42239,                 1.5912,                0.92746,                 1.4673,              0.0004754,              0.0004754,              0.0004754
                    157,                0.69484,                0.43525,                0.91575,                0.82448,                0.82812,                0.82758,                0.43402,                 1.5506,                0.93378,                 1.4601,              0.0004655,              0.0004655,              0.0004655
                    158,                0.62924,                0.40569,                0.88564,                0.85413,                0.82348,                0.83728,                0.44086,                 1.5468,                 0.9683,                 1.4493,              0.0004556,              0.0004556,              0.0004556
                    159,                0.64537,                0.41516,                0.91196,                0.85435,                0.82491,                0.83748,                0.44148,                 1.5464,                 0.9802,                 1.4382,              0.0004457,              0.0004457,              0.0004457
                    160,                0.63654,                0.39886,                0.89116,                0.85657,                0.83987,                  0.835,                0.43336,                 1.6019,                 0.9845,                 1.4755,              0.0004358,              0.0004358,              0.0004358
                    161,                0.62684,                0.41556,                0.89144,                0.86856,                0.82602,                0.83329,                0.42346,                 1.6194,                0.98979,                 1.4977,              0.0004259,              0.0004259,              0.0004259
                    162,                0.61741,                0.41354,                0.90331,                0.86877,                0.82751,                  0.832,                0.42893,                 1.5833,                0.95558,                 1.4686,               0.000416,               0.000416,               0.000416
                    163,                0.65943,                0.42396,                0.88504,                0.87813,                 0.8125,                0.83704,                0.43993,                 1.5811,                0.93168,                 1.4662,              0.0004061,              0.0004061,              0.0004061
                    164,                0.64607,                0.41763,                0.89798,                0.87883,                 0.8125,                0.84664,                0.45639,                 1.5689,                0.87597,                  1.472,              0.0003962,              0.0003962,              0.0003962
                    165,                0.66654,                0.42235,                 0.8979,                0.87933,                 0.8125,                0.84034,                0.46242,                 1.5296,                0.83599,                 1.4373,              0.0003863,              0.0003863,              0.0003863
                    166,                  0.671,                0.42775,                0.88898,                0.81684,                  0.875,                0.84529,                0.45877,                 1.5269,                0.86964,                 1.4306,              0.0003764,              0.0003764,              0.0003764
                    167,                0.64373,                0.41884,                0.88538,                0.85452,                0.82605,                0.84646,                0.47026,                  1.522,                 0.8783,                 1.4348,              0.0003665,              0.0003665,              0.0003665
                    168,                0.62882,                0.40536,                0.88411,                0.86568,                0.80567,                0.83438,                0.45257,                 1.5327,                0.91419,                 1.4381,              0.0003566,              0.0003566,              0.0003566
                    169,                0.66896,                0.41584,                0.89842,                0.87203,                0.78125,                0.80712,                0.43923,                 1.5692,                0.92234,                  1.463,              0.0003467,              0.0003467,              0.0003467
                    170,                 0.6303,                 0.4101,                0.89046,                0.85189,                0.80888,                0.81288,                0.43414,                 1.6263,                0.96812,                 1.4905,              0.0003368,              0.0003368,              0.0003368
                    171,                0.61988,                0.40199,                0.88869,                0.86592,                0.80733,                0.80834,                0.43465,                 1.6014,                0.93517,                 1.4823,              0.0003269,              0.0003269,              0.0003269
                    172,                0.58931,                0.38375,                0.90352,                0.85443,                0.82545,                0.81645,                0.44679,                 1.5518,                 0.9147,                 1.4639,               0.000317,               0.000317,               0.000317
                    173,                0.62731,                  0.401,                0.88994,                0.85419,                0.82386,                0.82264,                0.44662,                 1.5603,                0.91886,                   1.48,              0.0003071,              0.0003071,              0.0003071
                    174,                0.59095,                 0.4032,                 0.8742,                0.86525,                 0.8125,                0.83325,                0.44695,                 1.5936,                0.93854,                 1.4898,              0.0002972,              0.0002972,              0.0002972
                    175,                0.55502,                0.38143,                0.87237,                0.88129,                0.81203,                 0.8489,                0.43631,                 1.6243,                0.94372,                  1.515,              0.0002873,              0.0002873,              0.0002873
                    176,                0.63541,                0.41476,                0.89447,                0.87853,                 0.8125,                 0.8364,                0.42414,                 1.6333,                0.95737,                  1.537,              0.0002774,              0.0002774,              0.0002774
                    177,                0.59671,                0.39197,                0.88505,                 0.8574,                 0.8125,                0.83512,                0.41534,                 1.6077,                0.99301,                 1.5191,              0.0002675,              0.0002675,              0.0002675
                    178,                0.64164,                 0.4221,                0.87506,                0.87006,                0.84375,                0.84709,                0.42372,                 1.5903,                0.96159,                 1.4962,              0.0002576,              0.0002576,              0.0002576
                    179,                 0.5978,                0.38708,                0.87916,                0.85425,                0.82427,                0.83319,                0.43573,                 1.5713,                0.93302,                 1.4798,              0.0002477,              0.0002477,              0.0002477
                    180,                0.58948,                0.38355,                0.87447,                0.88126,                0.79688,                 0.8423,                0.44499,                 1.5595,                0.94593,                 1.4742,              0.0002378,              0.0002378,              0.0002378
                    181,                0.60265,                0.40365,                0.87089,                0.88097,                0.79688,                0.84388,                0.43172,                 1.5992,                0.95762,                 1.4893,              0.0002279,              0.0002279,              0.0002279
                    182,                0.59619,                0.39237,                 0.8831,                0.87747,                0.79688,                0.83437,                0.42696,                 1.6181,                0.97345,                 1.4915,               0.000218,               0.000218,               0.000218
                    183,                0.55864,                 0.3832,                0.87141,                0.85242,                 0.8125,                0.83256,                0.43447,                  1.592,                0.96925,                 1.4757,              0.0002081,              0.0002081,              0.0002081
                    184,                0.56241,                 0.3742,                0.85821,                0.84062,                0.82414,                0.83225,                0.44118,                 1.5858,                 0.9529,                 1.4742,              0.0001982,              0.0001982,              0.0001982
                    185,                0.61526,                0.38853,                0.88748,                 0.8298,                0.83802,                0.83393,                0.44071,                 1.5951,                0.93571,                 1.4813,              0.0001883,              0.0001883,              0.0001883
                    186,                0.59732,                0.39954,                0.87786,                0.87457,                0.79688,                0.83367,                0.45172,                 1.6089,                0.95058,                 1.4995,              0.0001784,              0.0001784,              0.0001784
                    187,                0.57197,                 0.3844,                0.88325,                0.89456,                 0.8125,                0.84413,                0.43723,                 1.6014,                0.94261,                 1.4931,              0.0001685,              0.0001685,              0.0001685
                    188,                0.58487,                0.38761,                0.88149,                 0.8771,                0.79688,                0.82773,                 0.4485,                 1.5934,                 0.8946,                 1.4939,              0.0001586,              0.0001586,              0.0001586
                    189,                0.55767,                0.37556,                0.86626,                0.85467,                0.82703,                0.83594,                0.44907,                 1.5924,                0.89045,                 1.4893,              0.0001487,              0.0001487,              0.0001487
                    190,                0.56247,                0.36162,                0.88496,                0.84504,                0.85211,                0.83787,                 0.4397,                 1.5894,                0.90304,                 1.4828,              0.0001388,              0.0001388,              0.0001388
                    191,                0.57199,                 0.3684,                0.85173,                0.85472,                0.82732,                0.82003,                0.43658,                  1.597,                0.90093,                 1.4892,              0.0001289,              0.0001289,              0.0001289
                    192,                0.59946,                0.37204,                0.83894,                0.86878,                0.82763,                0.82795,                0.42125,                 1.6164,                0.98329,                 1.5126,               0.000119,               0.000119,               0.000119
                    193,                0.55807,                0.36087,                0.85663,                0.88022,                0.79688,                0.82661,                0.41504,                  1.631,                0.97382,                 1.5227,              0.0001091,              0.0001091,              0.0001091
                    194,                0.52958,                0.35894,                0.85283,                0.82873,                0.84375,                0.82235,                0.42075,                 1.6329,                0.98327,                 1.5269,               9.92e-05,               9.92e-05,               9.92e-05
                    195,                0.54757,                 0.3531,                0.84174,                0.83012,                0.83994,                0.82564,                0.41159,                 1.6191,                0.98552,                 1.5192,               8.93e-05,               8.93e-05,               8.93e-05
                    196,                0.51808,                0.33496,                 0.8389,                0.83844,                0.81092,                0.82183,                0.41118,                 1.6093,                0.98643,                 1.5119,               7.94e-05,               7.94e-05,               7.94e-05
                    197,                0.50483,                0.34068,                0.85403,                0.82966,                 0.8372,                0.82492,                0.41966,                 1.6021,                0.97628,                 1.5057,               6.95e-05,               6.95e-05,               6.95e-05
                    198,                 0.4889,                0.34479,                0.83441,                0.82956,                0.83663,                0.82311,                0.42181,                 1.6081,                0.96893,                 1.5002,               5.96e-05,               5.96e-05,               5.96e-05
                    199,                0.51954,                0.35173,                  0.867,                0.82965,                0.83711,                 0.8279,                0.42752,                 1.6182,                0.97109,                 1.4982,               4.97e-05,               4.97e-05,               4.97e-05
                    200,                0.50413,                0.33062,                0.84868,                 0.8187,                0.82812,                0.82767,                0.42794,                 1.6226,                0.97496,                 1.5064,               3.98e-05,               3.98e-05,               3.98e-05
